Datetime;Object;Value
2021-01-01 00:00:00;50889;-326,921
2021-01-02 00:00:00;50889;328,087
2021-01-03 00:00:00;50889;-1102,949
2021-01-04 00:00:00;50889;-270,094
2021-01-05 00:00:00;50889;-1557,349
2021-01-06 00:00:00;50889;478,264
2021-01-07 00:00:00;50889;-2091,436
2021-01-08 00:00:00;50889;-439,562
2021-01-09 00:00:00;50889;-327,643
2021-01-10 00:00:00;50889;-709,879
2021-01-11 00:00:00;50889;-2649,473
2021-01-12 00:00:00;50889;579,597
2021-01-13 00:00:00;50889;-837,886
2021-01-14 00:00:00;50889;-748,525
2021-01-15 00:00:00;50889;-515,388
2021-01-16 00:00:00;50889;-863,489
2021-01-17 00:00:00;50889;775,584
2021-01-18 00:00:00;50889;1131,444
2021-01-19 00:00:00;50889;-343,504
2021-01-20 00:00:00;50889;-152,116
2021-01-21 00:00:00;50889;-480,137
2021-01-22 00:00:00;50889;1197,916
2021-01-23 00:00:00;50889;-3263,731
2021-01-24 00:00:00;50889;1072,803
2021-01-25 00:00:00;50889;-556,224
2021-01-26 00:00:00;50889;-2569,388
2021-01-27 00:00:00;50889;-936,606
2021-01-28 00:00:00;50889;-2964,115
2021-01-29 00:00:00;50889;-1399,157
2021-01-30 00:00:00;50889;-1636,552
2021-01-31 00:00:00;50889;-806,483
2021-02-01 00:00:00;50889;-135,746
2021-02-02 00:00:00;50889;453,86
2021-02-03 00:00:00;50889;544,59
2021-02-04 00:00:00;50889;-10,409
2021-02-05 00:00:00;50889;850,441
2021-02-06 00:00:00;50889;-506,407
2021-02-07 00:00:00;50889;-1435,44
2021-02-08 00:00:00;50889;-2431,444
2021-02-09 00:00:00;50889;241,473
2021-02-10 00:00:00;50889;-585,992
2021-02-11 00:00:00;50889;-1099,022
2021-02-12 00:00:00;50889;-1018,512
2021-02-13 00:00:00;50889;369,842
2021-02-14 00:00:00;50889;337,438
2021-02-15 00:00:00;50889;1391,896
2021-02-16 00:00:00;50889;-2646,13
2021-02-17 00:00:00;50889;-1346,346
2021-02-18 00:00:00;50889;-671,122
2021-02-19 00:00:00;50889;-1400,57
2021-02-20 00:00:00;50889;67,053
2021-02-21 00:00:00;50889;-847,621
2021-02-22 00:00:00;50889;-3700,449
2021-02-23 00:00:00;50889;-1147,712
2021-02-24 00:00:00;50889;-1672,606
2021-02-25 00:00:00;50889;-1182,778
2021-02-26 00:00:00;50889;-1332,328
2021-02-27 00:00:00;50889;-2429,678
2021-02-28 00:00:00;50889;261,875
2021-03-01 00:00:00;50889;-447,958
2021-03-02 00:00:00;50889;-327,535
2021-03-03 00:00:00;50889;-224,834
2021-03-04 00:00:00;50889;-1632,243
2021-03-05 00:00:00;50889;69,748
2021-03-06 00:00:00;50889;-288,458
2021-03-07 00:00:00;50889;-1235,955
2021-03-08 00:00:00;50889;-190,279
2021-03-09 00:00:00;50889;578,059
2021-03-10 00:00:00;50889;-2136,359
2021-03-11 00:00:00;50889;-51,456
2021-03-12 00:00:00;50889;-964,696
2021-03-13 00:00:00;50889;28,764
2021-03-14 00:00:00;50889;-224,519
2021-03-15 00:00:00;50889;-472,286
2021-03-16 00:00:00;50889;-43,445
2021-03-17 00:00:00;50889;1064,455
2021-03-18 00:00:00;50889;164,666
2021-03-19 00:00:00;50889;-30,975
2021-03-20 00:00:00;50889;-654,879
2021-03-21 00:00:00;50889;-619,806
2021-03-22 00:00:00;50889;485,833
2021-03-23 00:00:00;50889;-177,422
2021-03-24 00:00:00;50889;-141,116
2021-03-25 00:00:00;50889;-82,064
2021-03-26 00:00:00;50889;-362,187
2021-03-27 00:00:00;50889;-642,98
2021-03-28 00:00:00;50889;149,511
2021-03-29 00:00:00;50889;413,585
2021-03-30 00:00:00;50889;930,784
2021-03-31 00:00:00;50889;2349,405
2021-04-01 00:00:00;50889;190,67
2021-04-02 00:00:00;50889;-120,321
2021-04-03 00:00:00;50889;-547,698
2021-04-04 00:00:00;50889;325,944
2021-04-05 00:00:00;50889;-1528,112
2021-04-06 00:00:00;50889;2583,091
2021-04-07 00:00:00;50889;1116,747
2021-04-08 00:00:00;50889;-1021,507
2021-04-09 00:00:00;50889;-775,731
2021-04-10 00:00:00;50889;-562,772
2021-04-11 00:00:00;50889;53,102
2021-04-12 00:00:00;50889;-346,694
2021-04-13 00:00:00;50889;-157,746
2021-04-14 00:00:00;50889;-74,379
2021-04-15 00:00:00;50889;1188,172
2021-04-16 00:00:00;50889;879,143
2021-04-17 00:00:00;50889;-58,399
2021-04-18 00:00:00;50889;-142,116
2021-04-19 00:00:00;50889;233,862
2021-04-20 00:00:00;50889;177,281
2021-04-21 00:00:00;50889;-587,835
2021-04-22 00:00:00;50889;870,505
2021-04-23 00:00:00;50889;-810,227
2021-04-24 00:00:00;50889;48,857
2021-04-25 00:00:00;50889;1029,105
2021-04-26 00:00:00;50889;608,812
2021-04-27 00:00:00;50889;-968,04
2021-04-28 00:00:00;50889;-13,17
2021-04-29 00:00:00;50889;194,413
2021-04-30 00:00:00;50889;-1459,793
2021-05-01 00:00:00;50889;45,095
2021-05-02 00:00:00;50889;1023,258
2021-05-03 00:00:00;50889;329,755
2021-05-04 00:00:00;50889;-525,746
2021-05-05 00:00:00;50889;302,809
2021-05-06 00:00:00;50889;-323,851
2021-05-07 00:00:00;50889;48,261
2021-05-08 00:00:00;50889;256,263
2021-05-09 00:00:00;50889;-116,149
2021-05-10 00:00:00;50889;-408,167
2021-05-11 00:00:00;50889;6,088
2021-05-12 00:00:00;50889;-1939,91
2021-05-13 00:00:00;50889;-677,214
2021-05-14 00:00:00;50889;-390,07
2021-05-15 00:00:00;50889;-622,992
2021-05-16 00:00:00;50889;2952,233
2021-05-17 00:00:00;50889;681,659
2021-05-18 00:00:00;50889;1165,1
2021-05-19 00:00:00;50889;786,076
2021-05-20 00:00:00;50889;1661,17
2021-05-21 00:00:00;50889;988,207
2021-05-22 00:00:00;50889;-485,925
2021-05-23 00:00:00;50889;157,652
2021-05-24 00:00:00;50889;-1071,199
2021-05-25 00:00:00;50889;-11,563
2021-05-26 00:00:00;50889;-755,889
2021-05-27 00:00:00;50889;-228,947
2021-05-28 00:00:00;50889;-331,05
2021-05-29 00:00:00;50889;-153,9
2021-05-30 00:00:00;50889;-996,684
2021-05-31 00:00:00;50889;-742,794
2021-06-01 00:00:00;50889;-932,299
2021-06-02 00:00:00;50889;799,128
2021-06-03 00:00:00;50889;846,312
2021-06-04 00:00:00;50889;-3387,48
2021-06-05 00:00:00;50889;799,573
2021-06-06 00:00:00;50889;-36,201
2021-06-07 00:00:00;50889;-892,762
2021-06-08 00:00:00;50889;-272,021
2021-06-09 00:00:00;50889;1023,643
2021-06-10 00:00:00;50889;428,921
2021-06-11 00:00:00;50889;-1156,319
2021-06-12 00:00:00;50889;1345,172
2021-06-13 00:00:00;50889;-531,897
2021-06-14 00:00:00;50889;-593,319
2021-06-15 00:00:00;50889;-4,661
2021-06-16 00:00:00;50889;-5094,567
2021-06-17 00:00:00;50889;7229,061
2021-06-18 00:00:00;50889;80,069
2021-06-19 00:00:00;50889;-199,184
2021-06-20 00:00:00;50889;-1133,323
2021-06-21 00:00:00;50889;1801,892
2021-06-22 00:00:00;50889;132,069
2021-06-23 00:00:00;50889;-565,332
2021-06-24 00:00:00;50889;1055,601
2021-06-25 00:00:00;50889;-1800,298
2021-06-26 00:00:00;50889;-529,426
2021-06-27 00:00:00;50889;-164,132
2021-06-28 00:00:00;50889;1407,606
2021-06-29 00:00:00;50889;-2396,625
2021-06-30 00:00:00;50889;-217,235
2021-07-01 00:00:00;50889;-307,097
2021-07-02 00:00:00;50889;-26,989
2021-07-03 00:00:00;50889;-407,823
2021-07-04 00:00:00;50889;-137,003
2021-07-05 00:00:00;50889;-913,569
2021-07-06 00:00:00;50889;-1578,563
2021-07-07 00:00:00;50889;-164,221
2021-07-08 00:00:00;50889;-825,099
2021-07-09 00:00:00;50889;-1968,673
2021-07-10 00:00:00;50889;-663,7
2021-07-11 00:00:00;50889;-965,3
2021-07-12 00:00:00;50889;262,592
2021-07-13 00:00:00;50889;-2227,611
2021-07-14 00:00:00;50889;-25,678
2021-07-15 00:00:00;50889;328,887
2021-07-16 00:00:00;50889;-1365,665
2021-07-17 00:00:00;50889;-745,218
2021-07-18 00:00:00;50889;-727,075
2021-07-19 00:00:00;50889;219,061
2021-07-20 00:00:00;50889;-196,869
2021-07-21 00:00:00;50889;-1345,497
2021-07-22 00:00:00;50889;108,16
2021-07-23 00:00:00;50889;-783,185
2021-07-24 00:00:00;50889;-716,949
2021-07-25 00:00:00;50889;-811,413
2021-07-26 00:00:00;50889;-181,319
2021-07-27 00:00:00;50889;-1101,137
2021-07-28 00:00:00;50889;-199,698
2021-07-29 00:00:00;50889;-581,05
2021-07-30 00:00:00;50889;223,668
2021-07-31 00:00:00;50889;-972,39
2021-08-01 00:00:00;50889;-2346,624
2021-08-02 00:00:00;50889;-365,551
2021-08-03 00:00:00;50889;-625,049
2021-08-04 00:00:00;50889;-1342,874
2021-08-05 00:00:00;50889;2281,848
2021-08-06 00:00:00;50889;1031,037
2021-08-07 00:00:00;50889;-213,657
2021-08-08 00:00:00;50889;0,7
2021-08-09 00:00:00;50889;-722,459
2021-08-10 00:00:00;50889;-3239,158
2021-08-11 00:00:00;50889;-442,02
2021-08-12 00:00:00;50889;-1336,035
2021-08-13 00:00:00;50889;-284,636
2021-08-14 00:00:00;50889;-247,398
2021-08-15 00:00:00;50889;43,602
2021-08-16 00:00:00;50889;-340,303
2021-08-17 00:00:00;50889;525,63
2021-08-18 00:00:00;50889;-1728,059
2021-08-19 00:00:00;50889;-1836,503
2021-08-20 00:00:00;50889;-257,464
2021-08-21 00:00:00;50889;-176,409
2021-08-22 00:00:00;50889;-2145,338
2021-08-23 00:00:00;50889;26,302
2021-08-24 00:00:00;50889;2649,529
2021-08-25 00:00:00;50889;-1813,186
2021-08-26 00:00:00;50889;-369,979
2021-08-27 00:00:00;50889;-183,215
2021-08-28 00:00:00;50889;-1148,115
2021-08-29 00:00:00;50889;307,233
2021-08-30 00:00:00;50889;-1049,612
2021-08-31 00:00:00;50889;-953,167
2021-09-01 00:00:00;50889;-1330,144
2021-09-02 00:00:00;50889;-1231,068
2021-09-03 00:00:00;50889;-151,783
2021-09-04 00:00:00;50889;-16,951
2021-09-05 00:00:00;50889;-663,516
2021-09-06 00:00:00;50889;161,719
2021-09-07 00:00:00;50889;497,45
2021-09-08 00:00:00;50889;-2685,702
2021-09-09 00:00:00;50889;-982,895
2021-09-10 00:00:00;50889;2173,731
2021-09-11 00:00:00;50889;-957,084
2021-09-12 00:00:00;50889;-852,31
2021-09-13 00:00:00;50889;-752,865
2021-09-14 00:00:00;50889;-913,848
2021-09-15 00:00:00;50889;-853,298
2021-09-16 00:00:00;50889;113,289
2021-09-17 00:00:00;50889;-1027,45
2021-09-18 00:00:00;50889;-1163,26
2021-09-19 00:00:00;50889;900,508
2021-09-20 00:00:00;50889;-2533,519
2021-09-21 00:00:00;50889;-2747,634
2021-09-22 00:00:00;50889;2027,598
2021-09-23 00:00:00;50889;-2125,031
2021-09-24 00:00:00;50889;-2671,607
2021-09-25 00:00:00;50889;375,985
2021-09-26 00:00:00;50889;-1200,108
2021-09-27 00:00:00;50889;-289,841
2021-09-28 00:00:00;50889;-916,372
2021-09-29 00:00:00;50889;-700,394
2021-09-30 00:00:00;50889;365,093
2021-10-01 00:00:00;50889;-1187,792
2021-10-02 00:00:00;50889;374,315
2021-10-03 00:00:00;50889;-31,994
2021-10-04 00:00:00;50889;-2257,579
2021-10-05 00:00:00;50889;-163,903
2021-10-06 00:00:00;50889;881,488
2021-10-07 00:00:00;50889;-1755,724
2021-10-08 00:00:00;50889;533,893
2021-10-09 00:00:00;50889;-101,01
2021-10-10 00:00:00;50889;-1202,873
2021-10-11 00:00:00;50889;-83,5
2021-10-12 00:00:00;50889;-724,627
2021-10-13 00:00:00;50889;-871,609
2021-10-14 00:00:00;50889;-989,051
2021-10-15 00:00:00;50889;-190,443
2021-10-16 00:00:00;50889;-807,805
2021-10-17 00:00:00;50889;-639,584
2021-10-18 00:00:00;50889;-1029,143
2021-10-19 00:00:00;50889;272,676
2021-10-20 00:00:00;50889;-846,259
2021-10-21 00:00:00;50889;-784,498
2021-10-22 00:00:00;50889;151,808
2021-10-23 00:00:00;50889;-1284,528
2021-10-24 00:00:00;50889;-582,962
2021-10-25 00:00:00;50889;1,223
2021-10-26 00:00:00;50889;-1107,96
2021-10-27 00:00:00;50889;-744,048
2021-10-28 00:00:00;50889;-2223,91
2021-10-29 00:00:00;50889;-875,523
2021-10-30 00:00:00;50889;484,342
2021-10-31 00:00:00;50889;129,704
2021-11-01 00:00:00;50889;-911,79
2021-11-02 00:00:00;50889;-868,761
2021-11-03 00:00:00;50889;359,914
2021-11-04 00:00:00;50889;-1370,619
2021-11-05 00:00:00;50889;-427,246
2021-11-06 00:00:00;50889;-523,228
2021-11-07 00:00:00;50889;-65,063
2021-11-08 00:00:00;50889;215,892
2021-11-09 00:00:00;50889;-222,979
2021-11-10 00:00:00;50889;2252,666
2021-11-11 00:00:00;50889;-522,771
2021-11-12 00:00:00;50889;-398,176
2021-11-13 00:00:00;50889;835,279
2021-11-14 00:00:00;50889;-1490,24
2021-11-15 00:00:00;50889;-339,665
2021-11-16 00:00:00;50889;-1757,083
2021-11-17 00:00:00;50889;600,369
2021-11-18 00:00:00;50889;-84,535
2021-11-19 00:00:00;50889;-523,705
2021-11-20 00:00:00;50889;-352,701
2021-11-21 00:00:00;50889;-738,826
2021-11-22 00:00:00;50889;-930,47
2021-11-23 00:00:00;50889;-2170,206
2021-11-24 00:00:00;50889;-1077,946
2021-11-25 00:00:00;50889;-623,934
2021-11-26 00:00:00;50889;-933,765
2021-11-27 00:00:00;50889;-341,283
2021-11-28 00:00:00;50889;-649,022
2021-11-29 00:00:00;50889;-2118,083
2021-11-30 00:00:00;50889;1827,142
2021-12-01 00:00:00;50889;-674,216
2021-12-02 00:00:00;50889;-483,094
2021-12-03 00:00:00;50889;-1553,985
2021-12-04 00:00:00;50889;-1063,186
2021-12-05 00:00:00;50889;-810,919
2021-12-06 00:00:00;50889;-572,402
2021-12-07 00:00:00;50889;-3769,689
2021-12-08 00:00:00;50889;-2223,111
2021-12-09 00:00:00;50889;-995,749
2021-12-10 00:00:00;50889;-803,304
2021-12-11 00:00:00;50889;-1087,657
2021-12-12 00:00:00;50889;-239,124
2021-12-13 00:00:00;50889;-204,426
2021-12-14 00:00:00;50889;-447,877
2021-12-15 00:00:00;50889;-453,355
2021-12-16 00:00:00;50889;-1812,68
2021-12-17 00:00:00;50889;598,364
2021-12-18 00:00:00;50889;-171,269
2021-12-19 00:00:00;50889;-501,134
2021-12-20 00:00:00;50889;-660,653
2021-12-21 00:00:00;50889;-3064,438
2021-12-22 00:00:00;50889;-460,306
2021-12-23 00:00:00;50889;-1737,404
2021-12-24 00:00:00;50889;-1449,682
2021-12-25 00:00:00;50889;-1290,42
2021-12-26 00:00:00;50889;-1532,793
2021-12-27 00:00:00;50889;-784,219
2021-12-28 00:00:00;50889;-1969,25
2021-12-29 00:00:00;50889;-595,5
2021-12-30 00:00:00;50889;-1355,789
2021-12-31 00:00:00;50889;-2326,742
2022-01-01 00:00:00;50889;101,087
2022-01-02 00:00:00;50889;225,224
2022-01-03 00:00:00;50889;-2560,785
2022-01-04 00:00:00;50889;-724,714
2022-01-05 00:00:00;50889;-1659,662
2022-01-06 00:00:00;50889;-941,937
2022-01-07 00:00:00;50889;1476,313
2022-01-08 00:00:00;50889;-1082,003
2022-01-09 00:00:00;50889;-3188,833
2022-01-10 00:00:00;50889;-579,849
2022-01-11 00:00:00;50889;2478,196
2022-01-12 00:00:00;50889;-631,218
2022-01-13 00:00:00;50889;-1354,896
2022-01-14 00:00:00;50889;-246,682
2022-01-15 00:00:00;50889;1045,738
2022-01-16 00:00:00;50889;659,18
2022-01-17 00:00:00;50889;223,189
2022-01-18 00:00:00;50889;3264,007
2022-01-19 00:00:00;50889;821,267
2022-01-20 00:00:00;50889;-1497,314
2022-01-21 00:00:00;50889;-212,912
2022-01-22 00:00:00;50889;-1093,491
2022-01-23 00:00:00;50889;-767,302
2022-01-24 00:00:00;50889;-931,21
2022-01-25 00:00:00;50889;-245,04
2022-01-26 00:00:00;50889;-1499,154
2022-01-27 00:00:00;50889;-207,728
2022-01-28 00:00:00;50889;-984,212
2022-01-29 00:00:00;50889;-1927,161
2022-01-30 00:00:00;50889;-918,535
2022-01-31 00:00:00;50889;-1012,073
2022-02-01 00:00:00;50889;418,893
2022-02-02 00:00:00;50889;269,115
2022-02-03 00:00:00;50889;-157,583
2022-02-04 00:00:00;50889;-209,555
2022-02-05 00:00:00;50889;-716,132
2022-02-06 00:00:00;50889;-2035,985
2022-02-07 00:00:00;50889;-256,735
2022-02-08 00:00:00;50889;-895,275
2022-02-09 00:00:00;50889;-142,007
2022-02-10 00:00:00;50889;1760,079
2022-02-11 00:00:00;50889;593,54
2022-02-12 00:00:00;50889;448,255
2022-02-13 00:00:00;50889;125,141
2022-02-14 00:00:00;50889;-1536,12
2022-02-15 00:00:00;50889;1583,627
2022-02-16 00:00:00;50889;176,111
2022-02-17 00:00:00;50889;-1101,576
2022-02-18 00:00:00;50889;-2284,664
2022-02-19 00:00:00;50889;-385,023
2022-02-20 00:00:00;50889;123,504
2022-02-21 00:00:00;50889;18,345
2022-02-22 00:00:00;50889;36,257
2022-02-23 00:00:00;50889;-160,939
2022-02-24 00:00:00;50889;511,094
2022-02-25 00:00:00;50889;-824,168
2022-02-26 00:00:00;50889;-110,622
2022-02-27 00:00:00;50889;335,767
2022-02-28 00:00:00;50889;-797,629
2022-03-01 00:00:00;50889;-833,221
2022-03-02 00:00:00;50889;455,343
2022-03-03 00:00:00;50889;290,995
2022-03-04 00:00:00;50889;-763,482
2022-03-05 00:00:00;50889;821,005
2022-03-06 00:00:00;50889;252,001
2022-03-07 00:00:00;50889;-805,592
2022-03-08 00:00:00;50889;-663,706
2022-03-09 00:00:00;50889;-257,951
2022-03-10 00:00:00;50889;276,881
2022-03-11 00:00:00;50889;-135,831
2022-03-12 00:00:00;50889;-1323,629
2022-03-13 00:00:00;50889;-593,452
2022-03-14 00:00:00;50889;-757,077
2022-03-15 00:00:00;50889;-375,805
2022-03-16 00:00:00;50889;-386,552
2022-03-17 00:00:00;50889;-245,637
2022-03-18 00:00:00;50889;-1192,43
2022-03-19 00:00:00;50889;225,205
2022-03-20 00:00:00;50889;-576,264
2022-03-21 00:00:00;50889;341,896
2022-03-22 00:00:00;50889;-588
2022-03-23 00:00:00;50889;-754,537
2022-03-24 00:00:00;50889;-90,819
2022-03-25 00:00:00;50889;-144,854
2022-03-26 00:00:00;50889;-533,538
2022-03-27 00:00:00;50889;-95,933
2022-03-28 00:00:00;50889;-799,724
2022-03-29 00:00:00;50889;-169,513
2022-03-30 00:00:00;50889;1122,573
2022-03-31 00:00:00;50889;-1187,568
2022-04-01 00:00:00;50889;1165,332
2022-04-02 00:00:00;50889;-237,945
2022-04-03 00:00:00;50889;-395,23
2022-04-04 00:00:00;50889;-1007,815
2022-04-05 00:00:00;50889;162,302
2022-04-06 00:00:00;50889;-291,503
2022-04-07 00:00:00;50889;-479,326
2022-04-08 00:00:00;50889;-324,619
2022-04-09 00:00:00;50889;410,163
2022-04-10 00:00:00;50889;-4768,392
2022-04-11 00:00:00;50889;-546,916
2022-04-12 00:00:00;50889;809,284
2022-04-13 00:00:00;50889;-841,991
2022-04-14 00:00:00;50889;598,993
2022-04-15 00:00:00;50889;246,936
2022-04-16 00:00:00;50889;353,716
2022-04-17 00:00:00;50889;-1070,461
2022-04-18 00:00:00;50889;-1063,373
2022-04-19 00:00:00;50889;925,429
2022-04-20 00:00:00;50889;762,658
2022-04-21 00:00:00;50889;-1359,756
2022-04-22 00:00:00;50889;437,457
2022-04-23 00:00:00;50889;27,918
2022-04-24 00:00:00;50889;551,825
2022-04-25 00:00:00;50889;-648,688
2022-04-26 00:00:00;50889;582,448
2022-04-27 00:00:00;50889;-581,638
2022-04-28 00:00:00;50889;2908,386
2022-04-29 00:00:00;50889;1041,214
2022-04-30 00:00:00;50889;-109,139
2022-05-01 00:00:00;50889;389,386
2022-05-02 00:00:00;50889;-282,308
2022-05-03 00:00:00;50889;648,428
2022-05-04 00:00:00;50889;604,33
2022-05-05 00:00:00;50889;-95,38
2022-05-06 00:00:00;50889;-31,147
2022-05-07 00:00:00;50889;-1026,662
2022-05-08 00:00:00;50889;1262,084
2022-05-09 00:00:00;50889;-369,59
2022-05-10 00:00:00;50889;39,837
2022-05-11 00:00:00;50889;232,775
2022-05-12 00:00:00;50889;913,381
2022-05-13 00:00:00;50889;-447,822
2022-05-14 00:00:00;50889;-457,578
2022-05-15 00:00:00;50889;332,645
2022-05-16 00:00:00;50889;-703,995
2022-05-17 00:00:00;50889;-865,062
2022-05-18 00:00:00;50889;357,778
2022-05-19 00:00:00;50889;-337,846
2022-05-20 00:00:00;50889;-623,74
2022-05-21 00:00:00;50889;-7,844
2022-05-22 00:00:00;50889;-364,675
2022-05-23 00:00:00;50889;-1938,022
2022-05-24 00:00:00;50889;-2931,101
2022-05-25 00:00:00;50889;-2807,447
2022-05-26 00:00:00;50889;-7395,771
2022-05-27 00:00:00;50889;-269,778
2022-05-28 00:00:00;50889;-402,859
2022-05-29 00:00:00;50889;-1425,409
2022-05-30 00:00:00;50889;-493,264
2022-05-31 00:00:00;50889;-3038,933
2022-06-01 00:00:00;50889;-1173,654
2022-06-02 00:00:00;50889;78,715
2022-06-03 00:00:00;50889;-2403,451
2022-06-04 00:00:00;50889;-284,732
2022-06-05 00:00:00;50889;-1460,672
2022-06-06 00:00:00;50889;316,466
2022-06-07 00:00:00;50889;-1668,161
2022-06-08 00:00:00;50889;3862,509
2022-06-09 00:00:00;50889;-2660,555
2022-06-10 00:00:00;50889;-1121,648
2022-06-11 00:00:00;50889;-351,252
2022-06-12 00:00:00;50889;-87,343
2022-06-13 00:00:00;50889;-976,892
2022-06-14 00:00:00;50889;-1509,683
2022-06-15 00:00:00;50889;-1655,169
2022-06-16 00:00:00;50889;-1723,103
2022-06-17 00:00:00;50889;-3316,812
2022-06-18 00:00:00;50889;-2741,579
2022-06-19 00:00:00;50889;-1640,047
2022-06-20 00:00:00;50889;187,432
2022-06-21 00:00:00;50889;-2205,464
2022-06-22 00:00:00;50889;-816,037
2022-06-23 00:00:00;50889;-228,166
2022-06-24 00:00:00;50889;1048,316
2022-06-25 00:00:00;50889;-297,726
2022-06-26 00:00:00;50889;-1042,494
2022-06-27 00:00:00;50889;-1480,359
2022-06-28 00:00:00;50889;-322,547
2022-06-29 00:00:00;50889;-1730,25
2022-06-30 00:00:00;50889;309,613
2022-07-01 00:00:00;50889;3206,1
2022-07-02 00:00:00;50889;-1652,606
2022-07-03 00:00:00;50889;990,835
2022-07-04 00:00:00;50889;-827,758
2022-07-05 00:00:00;50889;1695,272
2022-07-06 00:00:00;50889;879,594
2022-07-07 00:00:00;50889;-1225,327
2022-07-08 00:00:00;50889;-1035,818
2022-07-09 00:00:00;50889;-470,069
2022-07-10 00:00:00;50889;-361,526
2022-07-11 00:00:00;50889;342,991
2022-07-12 00:00:00;50889;-2816,758
2022-07-13 00:00:00;50889;-2338,199
2022-07-14 00:00:00;50889;-417,848
2022-07-15 00:00:00;50889;-304,368
2022-07-16 00:00:00;50889;-544,63
2022-07-17 00:00:00;50889;510,733
2022-07-18 00:00:00;50889;-674,222
2022-07-19 00:00:00;50889;-583,813
2022-07-20 00:00:00;50889;404,611
2022-07-21 00:00:00;50889;595,218
2022-07-22 00:00:00;50889;-441,898
2022-07-23 00:00:00;50889;-119,972
2022-07-24 00:00:00;50889;-364,422
2022-07-25 00:00:00;50889;512,224
2022-07-26 00:00:00;50889;-1853,522
2022-07-27 00:00:00;50889;619,922
2022-07-28 00:00:00;50889;-1490,272
2022-07-29 00:00:00;50889;-4329,086
2022-07-30 00:00:00;50889;-1122,024
2022-07-31 00:00:00;50889;215,255
2022-08-01 00:00:00;50889;-1930,769
2022-08-02 00:00:00;50889;-1729,233
2022-08-03 00:00:00;50889;-916,92
2022-08-04 00:00:00;50889;881,205
2022-08-05 00:00:00;50889;-1993,266
2022-08-06 00:00:00;50889;-1098,1
2022-08-07 00:00:00;50889;-1435,425
2022-08-08 00:00:00;50889;-2102,703
2022-08-09 00:00:00;50889;-1065,149
2022-08-10 00:00:00;50889;-1325,638
2022-08-11 00:00:00;50889;490,873
2022-08-12 00:00:00;50889;490,624
2022-08-13 00:00:00;50889;-1343,793
2022-08-14 00:00:00;50889;-1475,743
2022-08-15 00:00:00;50889;-523,244
2022-08-16 00:00:00;50889;-545,181
2022-08-17 00:00:00;50889;-1503,437
2022-08-18 00:00:00;50889;-810,023
2022-08-19 00:00:00;50889;-1137,278
2022-08-20 00:00:00;50889;-1185,792
2022-08-21 00:00:00;50889;-328,035
2022-08-22 00:00:00;50889;-556,682
2022-08-23 00:00:00;50889;-1326,216
2022-08-24 00:00:00;50889;912,159
2022-08-25 00:00:00;50889;-355,776
2022-08-26 00:00:00;50889;-555,293
2022-08-27 00:00:00;50889;-1558,687
2022-08-28 00:00:00;50889;-1379,035
2022-08-29 00:00:00;50889;-2928,167
2022-08-30 00:00:00;50889;-1859,819
2022-08-31 00:00:00;50889;-2195,521
2022-09-01 00:00:00;50889;-3728,482
2022-09-02 00:00:00;50889;-286,292
2022-09-03 00:00:00;50889;-402,912
2022-09-04 00:00:00;50889;-311,067
2022-09-05 00:00:00;50889;596,526
2022-09-06 00:00:00;50889;-2905,542
2022-09-07 00:00:00;50889;-302,567
2022-09-08 00:00:00;50889;1589,257
2022-09-09 00:00:00;50889;-649,022
2022-09-10 00:00:00;50889;-1749,546
2022-09-11 00:00:00;50889;-205,506
2022-09-12 00:00:00;50889;-1607,078
2022-09-13 00:00:00;50889;-840,962
2022-09-14 00:00:00;50889;-1764,925
2022-09-15 00:00:00;50889;-2200,209
2022-09-16 00:00:00;50889;-1389,693
2022-09-17 00:00:00;50889;-546,111
2022-09-18 00:00:00;50889;-2041,904
2022-09-19 00:00:00;50889;4037,887
2022-09-20 00:00:00;50889;1372,29
2022-09-21 00:00:00;50889;-395,962
2022-09-22 00:00:00;50889;-1563,774
2022-09-23 00:00:00;50889;-1377,574
2022-09-24 00:00:00;50889;-853,366
2022-09-25 00:00:00;50889;574,249
2022-09-26 00:00:00;50889;-1237,363
2022-09-27 00:00:00;50889;-1113,607
2022-09-28 00:00:00;50889;-533,834
2022-09-29 00:00:00;50889;-2250,634
2022-09-30 00:00:00;50889;2209,887
2022-10-01 00:00:00;50889;-1123,778
2022-10-02 00:00:00;50889;-116,359
2022-10-03 00:00:00;50889;-1647,876
2022-10-04 00:00:00;50889;-2113,351
2022-10-05 00:00:00;50889;170,443
2022-10-06 00:00:00;50889;166,502
2022-10-07 00:00:00;50889;798,431
2022-10-08 00:00:00;50889;-2143,53
2022-10-09 00:00:00;50889;-554,549
2022-10-10 00:00:00;50889;62,464
2022-10-11 00:00:00;50889;-674,316
2022-10-12 00:00:00;50889;529,94
2022-10-13 00:00:00;50889;1433,97
2022-10-14 00:00:00;50889;-1399,044
2022-10-15 00:00:00;50889;-6,361
2022-10-16 00:00:00;50889;-1015,595
2022-10-17 00:00:00;50889;-1737,454
2022-10-18 00:00:00;50889;-580,591
2022-10-19 00:00:00;50889;-229,414
2022-10-20 00:00:00;50889;-606,228
2022-10-21 00:00:00;50889;-950,716
2022-10-22 00:00:00;50889;-781,861
2022-10-23 00:00:00;50889;-1313,885
2022-10-24 00:00:00;50889;-1225,501
2022-10-25 00:00:00;50889;-2457,452
2022-10-26 00:00:00;50889;723,677
2022-10-27 00:00:00;50889;8,185
2022-10-28 00:00:00;50889;-445,53
2022-10-29 00:00:00;50889;-632,402
2022-10-30 00:00:00;50889;196,892
2022-10-31 00:00:00;50889;478,534
2022-11-01 00:00:00;50889;-4179,688
2022-11-02 00:00:00;50889;-2074,297
2022-11-03 00:00:00;50889;-1048,612
2022-11-04 00:00:00;50889;-1041,711
2022-11-05 00:00:00;50889;-497,779
2022-11-06 00:00:00;50889;-836,258
2022-11-07 00:00:00;50889;-501,56
2022-11-08 00:00:00;50889;569,565
2022-11-09 00:00:00;50889;-1329,284
2022-11-10 00:00:00;50889;679,459
2022-11-11 00:00:00;50889;-370,557
2022-11-12 00:00:00;50889;-675,124
2022-11-13 00:00:00;50889;-788,353
2022-11-14 00:00:00;50889;1888,76
2022-11-15 00:00:00;50889;-712,691
2022-11-16 00:00:00;50889;-2534,414
2022-11-17 00:00:00;50889;2276,396
2022-11-18 00:00:00;50889;-1827,054
2022-11-19 00:00:00;50889;-3484,594
2022-11-20 00:00:00;50889;-508,535
2022-11-21 00:00:00;50889;-668,021
2022-11-22 00:00:00;50889;-1360,037
2022-11-23 00:00:00;50889;862,999
2022-11-24 00:00:00;50889;730,92
2022-11-25 00:00:00;50889;-1063,62
2022-11-26 00:00:00;50889;-1836,563
2022-11-27 00:00:00;50889;-747,219
2022-11-28 00:00:00;50889;-468,175
2022-11-29 00:00:00;50889;4121,125
2022-11-30 00:00:00;50889;2655,712
2022-12-01 00:00:00;50889;1886,846
2022-12-02 00:00:00;50889;909,485
2022-12-03 00:00:00;50889;-120,227
2022-12-04 00:00:00;50889;-134,389
2022-12-05 00:00:00;50889;1332,433
2022-12-06 00:00:00;50889;-1918,3
2022-12-07 00:00:00;50889;104,942
2022-12-08 00:00:00;50889;872,64
2022-12-09 00:00:00;50889;504,027
2022-12-10 00:00:00;50889;858,252
2022-12-11 00:00:00;50889;-1207,494
2022-12-12 00:00:00;50889;-208,406
2022-12-13 00:00:00;50889;-515,194
2022-12-14 00:00:00;50889;2052,166
2022-12-15 00:00:00;50889;6189,029
2022-12-16 00:00:00;50889;1618,583
2022-12-17 00:00:00;50889;-562,158
2022-12-18 00:00:00;50889;-199,43
2022-12-19 00:00:00;50889;-477,996
2022-12-20 00:00:00;50889;-695,455
2022-12-21 00:00:00;50889;449,345
2022-12-22 00:00:00;50889;515,542
2022-12-23 00:00:00;50889;-1309,918
2022-12-24 00:00:00;50889;-646,99
2022-12-25 00:00:00;50889;-1260,872
2022-12-26 00:00:00;50889;-322,008
2022-12-27 00:00:00;50889;-664,766
2022-12-28 00:00:00;50889;-1015,954
2022-12-29 00:00:00;50889;-366,34
2022-12-30 00:00:00;50889;-934,769
2022-12-31 00:00:00;50889;-710,809
2023-01-01 00:00:00;50889;-1131,142
2023-01-02 00:00:00;50889;-1000,779
2023-01-03 00:00:00;50889;-473,922
2023-01-04 00:00:00;50889;2,817
2023-01-05 00:00:00;50889;-1425,99
2023-01-06 00:00:00;50889;-707,82
2023-01-07 00:00:00;50889;1122,243
2023-01-08 00:00:00;50889;1114,664
2023-01-09 00:00:00;50889;2055,552
2023-01-10 00:00:00;50889;1506,332
2023-01-11 00:00:00;50889;-1183,45
2023-01-12 00:00:00;50889;-740,631
2023-01-13 00:00:00;50889;2941,302
2023-01-14 00:00:00;50889;-505,025
2023-01-15 00:00:00;50889;-833,488
2023-01-16 00:00:00;50889;-3467,849
2023-01-17 00:00:00;50889;2473,202
2023-01-18 00:00:00;50889;5199,716
2023-01-19 00:00:00;50889;3880,406
2023-01-20 00:00:00;50889;4329,036
2023-01-21 00:00:00;50889;2816,603
2023-01-22 00:00:00;50889;3988,321
2023-01-23 00:00:00;50889;1766,182
2023-01-24 00:00:00;50889;1124,012
2023-01-25 00:00:00;50889;2790,089
2023-01-26 00:00:00;50889;4367,865
2023-01-27 00:00:00;50889;955,819
2023-01-28 00:00:00;50889;1088,761
2023-01-29 00:00:00;50889;2059,805
2023-01-30 00:00:00;50889;1197,789
2023-01-31 00:00:00;50889;-689,145
2023-02-01 00:00:00;50889;1945,149
2023-02-02 00:00:00;50889;1169,722
2023-02-03 00:00:00;50889;1367,392
2023-02-04 00:00:00;50889;1643,524
2023-02-05 00:00:00;50889;1395,113
2023-02-06 00:00:00;50889;984,656
2023-02-07 00:00:00;50889;1886,344
2023-02-08 00:00:00;50889;2774,815
2023-02-09 00:00:00;50889;1619,576
2023-02-10 00:00:00;50889;1330,061
2023-02-11 00:00:00;50889;3175,984
2023-02-12 00:00:00;50889;1836,669
2023-02-13 00:00:00;50889;1531,874
2023-02-14 00:00:00;50889;1674,948
2023-02-15 00:00:00;50889;521,599
2023-02-16 00:00:00;50889;-590,45
2023-02-17 00:00:00;50889;-385,674
2023-02-18 00:00:00;50889;-951,43
2023-02-19 00:00:00;50889;-37,495
2023-02-20 00:00:00;50889;-1157,622
2023-02-21 00:00:00;50889;66,877
2023-02-22 00:00:00;50889;236,097
2023-02-23 00:00:00;50889;-953,019
2023-02-24 00:00:00;50889;-1504,441
2023-02-25 00:00:00;50889;-961,959
2023-02-26 00:00:00;50889;-74,437
2023-02-27 00:00:00;50889;355,367
2023-02-28 00:00:00;50889;-172,384
2023-03-01 00:00:00;50889;-1657,811
2023-03-02 00:00:00;50889;157,084
2023-03-03 00:00:00;50889;-423,174
2023-03-04 00:00:00;50889;1859,666
2023-03-05 00:00:00;50889;-184,443
2023-03-06 00:00:00;50889;902,434
2023-03-07 00:00:00;50889;425,48
2023-03-08 00:00:00;50889;-3,83
2023-03-09 00:00:00;50889;319,313
2023-03-10 00:00:00;50889;2878,622
2023-03-11 00:00:00;50889;283,99
2023-03-12 00:00:00;50889;-96,451
2023-03-13 00:00:00;50889;-349,481
2023-03-14 00:00:00;50889;-946,418
2023-03-15 00:00:00;50889;1013,256
2023-03-16 00:00:00;50889;177,2
2023-03-17 00:00:00;50889;1328,664
2023-03-18 00:00:00;50889;-349,202
2023-03-19 00:00:00;50889;-737,377
2023-03-20 00:00:00;50889;-475,393
2023-03-21 00:00:00;50889;-278,542
2023-03-22 00:00:00;50889;-2178,151
2023-03-23 00:00:00;50889;-2163,922
2023-03-24 00:00:00;50889;1425,131
2023-03-25 00:00:00;50889;-4043,637
2023-03-26 00:00:00;50889;-612,064
2023-03-27 00:00:00;50889;444,84
2023-03-28 00:00:00;50889;-532,331
2023-03-29 00:00:00;50889;-678,887
2023-03-30 00:00:00;50889;1212,333
2023-03-31 00:00:00;50889;-1561,68
2023-04-01 00:00:00;50889;837,827
2023-04-02 00:00:00;50889;-590,88
2023-04-03 00:00:00;50889;-921,305
2023-04-04 00:00:00;50889;61,436
2023-04-05 00:00:00;50889;394,604
2023-04-06 00:00:00;50889;-528,706
2023-04-07 00:00:00;50889;-772,591
2023-04-08 00:00:00;50889;-608,399
2023-04-09 00:00:00;50889;-211,093
2023-04-10 00:00:00;50889;-271,55
2023-04-11 00:00:00;50889;-713,312
2023-04-12 00:00:00;50889;-3364,695
2023-04-13 00:00:00;50889;1611,298
2023-04-14 00:00:00;50889;-482,95
2023-04-15 00:00:00;50889;-413,742
2023-04-16 00:00:00;50889;-189,011
2023-04-17 00:00:00;50889;-1687,274
2023-04-18 00:00:00;50889;-156,026
2023-04-19 00:00:00;50889;-376,047
2023-04-20 00:00:00;50889;-356,208
2023-04-21 00:00:00;50889;333,472
2023-04-22 00:00:00;50889;-669,412
2023-04-23 00:00:00;50889;-496,17
2023-04-24 00:00:00;50889;-269,439
2023-04-25 00:00:00;50889;-567,678
2023-04-26 00:00:00;50889;5,314
2023-04-27 00:00:00;50889;13,351
2023-04-28 00:00:00;50889;-135,405
2023-04-29 00:00:00;50889;-243,026
2023-04-30 00:00:00;50889;290,765
2023-05-01 00:00:00;50889;-296,688
2023-05-02 00:00:00;50889;-162,16
2023-05-03 00:00:00;50889;-859,73
2023-05-04 00:00:00;50889;199,681
2023-05-05 00:00:00;50889;-345,463
2023-05-06 00:00:00;50889;115,36
2023-05-07 00:00:00;50889;-636,809
2023-05-08 00:00:00;50889;-344,405
2023-05-09 00:00:00;50889;50,424
2023-05-10 00:00:00;50889;29,104
2023-05-11 00:00:00;50889;800,018
2023-05-12 00:00:00;50889;-1128,012
2023-05-13 00:00:00;50889;-265,501
2023-05-14 00:00:00;50889;268,649
2023-05-15 00:00:00;50889;-577,87
2023-05-16 00:00:00;50889;-15,646
2023-05-17 00:00:00;50889;-1264,36
2023-05-18 00:00:00;50889;402,96
2023-05-19 00:00:00;50889;-403,787
2023-05-20 00:00:00;50889;-32,906
2023-05-21 00:00:00;50889;-1892,684
2023-05-22 00:00:00;50889;-6178,319
2023-05-23 00:00:00;50889;235,675
2023-05-24 00:00:00;50889;-565,268
2023-05-25 00:00:00;50889;217,795
2023-05-26 00:00:00;50889;256,016
2023-05-27 00:00:00;50889;21,853
2023-05-28 00:00:00;50889;-7,125
2023-05-29 00:00:00;50889;-1140,544
2023-05-30 00:00:00;50889;-889,849
2023-05-31 00:00:00;50889;-1615,576
2023-06-01 00:00:00;50889;4915,688
2023-06-02 00:00:00;50889;-193,946
2023-06-03 00:00:00;50889;-2328,483
2023-06-04 00:00:00;50889;1169,155
2023-06-05 00:00:00;50889;3102,009
2023-06-06 00:00:00;50889;281,649
2023-06-07 00:00:00;50889;-4138,315
2023-06-08 00:00:00;50889;834,817
2023-06-09 00:00:00;50889;-124,998
2023-06-10 00:00:00;50889;-1644,182
2023-06-11 00:00:00;50889;-3486,665
2023-06-12 00:00:00;50889;1098,148
2023-06-13 00:00:00;50889;995,905
2023-06-14 00:00:00;50889;747,615
2023-06-15 00:00:00;50889;102,445
2023-06-16 00:00:00;50889;-343,433
2023-06-17 00:00:00;50889;673,109
2023-06-18 00:00:00;50889;-343,992
2023-06-19 00:00:00;50889;-570,723
2023-06-20 00:00:00;50889;10,083
2023-06-21 00:00:00;50889;-33,141
2023-06-22 00:00:00;50889;-546,654
2023-06-23 00:00:00;50889;-832,561
2023-06-24 00:00:00;50889;3708,374
2023-06-25 00:00:00;50889;107,941
2023-06-26 00:00:00;50889;-583,192
2023-06-27 00:00:00;50889;-203,9
2023-06-28 00:00:00;50889;991,342
2023-06-29 00:00:00;50889;-1558,601
2023-06-30 00:00:00;50889;854,824
2023-07-01 00:00:00;50889;-1851,024
2023-07-02 00:00:00;50889;-21,904
2023-07-03 00:00:00;50889;685,204
2023-07-04 00:00:00;50889;105,814
2023-07-05 00:00:00;50889;-441,188
2023-07-06 00:00:00;50889;-725,638
2023-07-07 00:00:00;50889;310,615
2023-07-08 00:00:00;50889;46,768
2023-07-09 00:00:00;50889;-144,229
2023-07-10 00:00:00;50889;778,147
2023-07-11 00:00:00;50889;-340,019
2023-07-12 00:00:00;50889;-63,935
2023-07-13 00:00:00;50889;2682,03
2023-07-14 00:00:00;50889;-2901,09
2023-07-15 00:00:00;50889;1571,517
2023-07-16 00:00:00;50889;-313,417
2023-07-17 00:00:00;50889;-2688,597
2023-07-18 00:00:00;50889;1050,795
2023-07-19 00:00:00;50889;-917,4
2023-07-20 00:00:00;50889;-294,092
2023-07-21 00:00:00;50889;-1691,01
2023-07-22 00:00:00;50889;-1214,739
2023-07-23 00:00:00;50889;-80,304
2023-07-24 00:00:00;50889;-22,717
2023-07-25 00:00:00;50889;-553,399
2023-07-26 00:00:00;50889;-464,594
2023-07-27 00:00:00;50889;107,167
2023-07-28 00:00:00;50889;-346,256
2023-07-29 00:00:00;50889;-980,406
2023-07-30 00:00:00;50889;-251,625
2023-07-31 00:00:00;50889;127,847
2023-08-01 00:00:00;50889;-958,762
2023-08-02 00:00:00;50889;-166,246
2023-08-03 00:00:00;50889;-554,921
2023-08-04 00:00:00;50889;-552,442
2023-08-05 00:00:00;50889;401,148
2023-08-06 00:00:00;50889;-14,589
2023-08-07 00:00:00;50889;105,653
2023-08-08 00:00:00;50889;-334,493
2023-08-09 00:00:00;50889;-118,794
2023-08-10 00:00:00;50889;-179,367
2023-08-11 00:00:00;50889;-608,608
2023-08-12 00:00:00;50889;-440,519
2023-08-13 00:00:00;50889;150,527
2023-08-14 00:00:00;50889;54,713
2023-08-15 00:00:00;50889;558,883
2023-08-16 00:00:00;50889;-248,134
2023-08-17 00:00:00;50889;-36,98
2023-08-18 00:00:00;50889;-1311,366
2023-08-19 00:00:00;50889;921,905
2023-08-20 00:00:00;50889;120,734
2023-08-21 00:00:00;50889;-5,132
2023-08-22 00:00:00;50889;-459,139
2023-08-23 00:00:00;50889;625,542
2023-08-24 00:00:00;50889;-637,508
2023-08-25 00:00:00;50889;-704,838
2023-08-26 00:00:00;50889;-462,174
2023-08-27 00:00:00;50889;1635,951
2023-08-28 00:00:00;50889;1138,413
2023-08-29 00:00:00;50889;-161,977
2023-08-30 00:00:00;50889;-69,696
2023-08-31 00:00:00;50889;-637,677
2023-09-01 00:00:00;50889;-1033,748
2023-09-02 00:00:00;50889;111,754
2023-09-03 00:00:00;50889;-63,89
2023-09-04 00:00:00;50889;-186,386
2023-09-05 00:00:00;50889;-580,574
2023-09-06 00:00:00;50889;167,955
2023-09-07 00:00:00;50889;-1016,173
2023-09-08 00:00:00;50889;-902,213
2023-09-09 00:00:00;50889;-2716,411
2023-09-10 00:00:00;50889;14,632
2023-09-11 00:00:00;50889;1037,951
2023-09-12 00:00:00;50889;-619,165
2023-09-13 00:00:00;50889;-472,126
2023-09-14 00:00:00;50889;-944,038
2023-09-15 00:00:00;50889;-604,513
2023-09-16 00:00:00;50889;-218,801
2023-09-17 00:00:00;50889;-1689,715
2023-09-18 00:00:00;50889;-1158,891
2023-09-19 00:00:00;50889;59,234
2023-09-20 00:00:00;50889;2452,199
2023-09-21 00:00:00;50889;-736,878
2023-09-22 00:00:00;50889;-1187,932
2023-09-23 00:00:00;50889;-1254,074
2023-09-24 00:00:00;50889;-406,432
2023-09-25 00:00:00;50889;-6510,742
2023-09-26 00:00:00;50889;-367,452
2023-09-27 00:00:00;50889;-217,562
2023-09-28 00:00:00;50889;-898,703
2023-09-29 00:00:00;50889;-105,092
2023-09-30 00:00:00;50889;481,323
2023-10-01 00:00:00;50889;374,838
2023-10-02 00:00:00;50889;-690,884
2023-10-03 00:00:00;50889;271,389
2023-10-04 00:00:00;50889;2842,805
2023-10-05 00:00:00;50889;-1896,669
2023-10-06 00:00:00;50889;-422,817
2023-10-07 00:00:00;50889;-959,196
2023-10-08 00:00:00;50889;-153,171
2023-10-09 00:00:00;50889;-1136,265
2023-10-10 00:00:00;50889;-1420,687
2023-10-11 00:00:00;50889;-1707,306
2023-10-12 00:00:00;50889;-391,625
2023-10-13 00:00:00;50889;197,717
2023-10-14 00:00:00;50889;762,131
2023-10-15 00:00:00;50889;940,297
2023-10-16 00:00:00;50889;592,716
2023-10-17 00:00:00;50889;2089,212
2023-10-18 00:00:00;50889;-515,773
2023-10-19 00:00:00;50889;1229,319
2023-10-20 00:00:00;50889;-1080,287
2023-10-21 00:00:00;50889;339,883
2023-10-22 00:00:00;50889;-815,641
2023-10-23 00:00:00;50889;29,386
2023-10-24 00:00:00;50889;-1229,788
2023-10-25 00:00:00;50889;-1118,047
2023-10-26 00:00:00;50889;816,078
2023-10-27 00:00:00;50889;691,443
2023-10-28 00:00:00;50889;399,814
2023-10-29 00:00:00;50889;540,671
2023-10-30 00:00:00;50889;65,309
2023-10-31 00:00:00;50889;-127,813
2023-11-01 00:00:00;50889;-1365,839
2023-11-02 00:00:00;50889;309,854
2023-11-03 00:00:00;50889;-14,255
2023-11-04 00:00:00;50889;-269,36
2023-11-05 00:00:00;50889;-167,112
2023-11-06 00:00:00;50889;785,477
2023-11-07 00:00:00;50889;-1456,672
2023-11-08 00:00:00;50889;6,289
2023-11-09 00:00:00;50889;100,84
2023-11-10 00:00:00;50889;-143,762
2023-11-11 00:00:00;50889;502,424
2023-11-12 00:00:00;50889;266,962
2023-11-13 00:00:00;50889;-627,37
2023-11-14 00:00:00;50889;-335,681
2023-11-15 00:00:00;50889;-2529,899
2023-11-16 00:00:00;50889;-656,773
2023-11-17 00:00:00;50889;126,202
2023-11-18 00:00:00;50889;-1009,34
2023-11-19 00:00:00;50889;-1341,388
2023-11-20 00:00:00;50889;627,717
2023-11-21 00:00:00;50889;-181,87
2023-11-22 00:00:00;50889;-76,815
2023-11-23 00:00:00;50889;999,876
2023-11-24 00:00:00;50889;-1002,861
2023-11-25 00:00:00;50889;-1349,207
2023-11-26 00:00:00;50889;-863,688
2023-11-27 00:00:00;50889;1868,264
2023-11-28 00:00:00;50889;175,712
2023-11-29 00:00:00;50889;-79,926
2023-11-30 00:00:00;50889;271,135
2023-12-01 00:00:00;50889;-247,863
2023-12-02 00:00:00;50889;464,897
2023-12-03 00:00:00;50889;-1013,466
2023-12-04 00:00:00;50889;580,859
2023-12-05 00:00:00;50889;-23,281
2023-12-06 00:00:00;50889;-1732,184
2023-12-07 00:00:00;50889;-2027,383
2023-12-08 00:00:00;50889;-1674,802
2023-12-09 00:00:00;50889;-1971,658
2023-12-10 00:00:00;50889;457,73
2023-12-11 00:00:00;50889;1228,919
2023-12-12 00:00:00;50889;348,861
2023-12-13 00:00:00;50889;2186,206
2023-12-14 00:00:00;50889;33,414
2023-12-15 00:00:00;50889;1140,677
2023-12-16 00:00:00;50889;-94,805
2023-12-17 00:00:00;50889;-1216,323
2023-12-18 00:00:00;50889;1149,682
2023-12-19 00:00:00;50889;-1522,458
2023-12-20 00:00:00;50889;3088,888
2023-12-21 00:00:00;50889;-283,775
2023-12-22 00:00:00;50889;762,846
2023-12-23 00:00:00;50889;-143,374
2023-12-24 00:00:00;50889;595,552
2023-12-25 00:00:00;50889;301,241
2023-12-26 00:00:00;50889;-12,446
2023-12-27 00:00:00;50889;-290,154
2023-12-28 00:00:00;50889;530,46
2023-12-29 00:00:00;50889;-946,026
2023-12-30 00:00:00;50889;-995,741
2023-12-31 00:00:00;50889;477,247
2024-01-01 00:00:00;50889;515,145
2024-01-02 00:00:00;50889;-1399,499
2024-01-03 00:00:00;50889;375,016
2024-01-04 00:00:00;50889;-1480,299
2024-01-05 00:00:00;50889;115,544
2024-01-06 00:00:00;50889;3018,262
2024-01-07 00:00:00;50889;1883,538
2024-01-08 00:00:00;50889;-1680,698
2024-01-09 00:00:00;50889;-518,746
2024-01-10 00:00:00;50889;2501,857
2024-01-11 00:00:00;50889;1750,705
2024-01-12 00:00:00;50889;1798,492
2024-01-13 00:00:00;50889;1283,651
2024-01-14 00:00:00;50889;1383,895
2024-01-15 00:00:00;50889;1366,159
2024-01-16 00:00:00;50889;-1242,126
2024-01-17 00:00:00;50889;-996,883
2024-01-18 00:00:00;50889;-1401,029
2024-01-19 00:00:00;50889;1851,651
2024-01-20 00:00:00;50889;-845,769
2024-01-21 00:00:00;50889;-252,125
2024-01-22 00:00:00;50889;1694,279
2024-01-23 00:00:00;50889;-2121,829
2024-01-24 00:00:00;50889;-857,178
2024-01-25 00:00:00;50889;-582,506
2024-01-26 00:00:00;50889;781,783
2024-01-27 00:00:00;50889;616,585
2024-01-28 00:00:00;50889;-3668,565
2024-01-29 00:00:00;50889;-2054,164
2024-01-30 00:00:00;50889;1043,985
